iter	RMSE
0	0.604222673
1	0.5845748971
2	0.56461308
3	0.5484178052
4	0.5324141435
5	0.5187934522
6	0.5004398396
7	0.4849744481
8	0.4696238298
9	0.4554615399
10	0.4385442084
11	0.4264789651
12	0.4134570128
13	0.402968226
14	0.3896224441
15	0.3785853911
16	0.3669385894
17	0.3532255203
18	0.3428862436
19	0.3318102347
20	0.3247937283
21	0.3123663533
22	0.3044042878
23	0.2932367388
24	0.2816805692
25	0.2751174897
26	0.2670876961
27	0.2613721928
28	0.2546526579
29	0.2482797816
