iter	RMSE
0	0.6067247092
1	0.5875422328
2	0.5687642507
3	0.5491896892
4	0.5300009857
5	0.5142811993
6	0.4982610961
7	0.4817457726
8	0.4631493644
9	0.4488453618
10	0.4354837177
11	0.4235228103
12	0.4090474511
13	0.3985608824
14	0.3881115471
15	0.3753490149
16	0.3612018638
17	0.3528250743
18	0.3424837348
19	0.3273814238
20	0.3188781612
21	0.3093644442
22	0.3015298322
23	0.2894992979
24	0.2769327922
25	0.2696850187
26	0.2629113821
27	0.2556713546
28	0.2462304373
29	0.2361944536
