iter	RMSE
0	0.6046786909
1	0.5881648038
2	0.5704329198
3	0.5565773085
4	0.5336668176
5	0.5149565414
6	0.4955376819
7	0.4803562717
8	0.4623710588
9	0.4471381592
10	0.4319251116
11	0.4225719898
12	0.4142181373
13	0.4014904112
14	0.3864338136
15	0.3750758168
16	0.3677670012
17	0.354723503
18	0.3439512566
19	0.3323753435
20	0.3252760701
21	0.3181888285
22	0.3085371362
23	0.2985338862
24	0.2893819671
25	0.2800437582
26	0.2712381807
27	0.2630025813
28	0.25429945
29	0.2465498457
